Identity_H,Loneliness_T,Sacrifice_Level,Self_Forgetting_S,Loneliness_Poverty_FL
0.7745071229516849,0.7798710873172005,0.5,0.5438508941835208,0.3698186080447942
0.6792603548243222,0.6849267365825538,0.5,0.5547009741321197,0.37719666240984145
0.7971532807151038,0.5119260739840348,0.5,0.5259373279097901,0.35763738297865727
0.9284544784612038,0.3706126444588852,0.75,0.5066285303725652,0.34450740065334434
0.6648769937914996,0.639644662722718,1.0,0.5533856441727713,0.37630223803748447
0.6648794564576229,0.5786970770843499,1.0,0.548331933817309,0.3728657149957702
0.9368819223261087,0.6790386440055465,0.25,0.5107132635448535,0.34728501921050037
0.8151152093729362,0.6270343603363939,1.0,0.528949863581034,0.3596859072351032
0.6295788421097571,0.709910543063867,1.0,0.5653652318433419,0.3844483576534725
0.7813840065378946,0.3929529576878864,0.5,0.5214632523759731,0.35459501161566176
0.6304873460781306,0.7634788131268652,0.5,0.5700646881236412,0.38764398792407606
0.6301405369644615,0.5395199209384799,0.25,0.5497217579563506,0.3738107954103184
0.7362943407349051,0.915052174525053,0.0,0.560035082163829,0.38082385587140377
0.41300796330133027,0.36216243638208645,0.25,0.5529473623664626,0.3760042064091946
0.44126232512304503,0.8471927606330498,0.25,0.6161783627642486,0.4190012866796891
0.6156568706138541,0.5395821566925295,0.75,0.5516611509141158,0.3751295826215988
0.5480753319498364,0.3697163992771103,0.75,0.5416740838769757,0.3683383770363435
0.747137099889291,0.40322283318913565,0.25,0.5254679641184473,0.3573182156005442
0.5637963886718184,0.43593053836113593,0.25,0.5473958901952216,0.3722292053327507
0.48815444479970627,0.5848331892803833,0.25,0.5742822099686016,0.3905119027786491
0.919847315338233,0.6045670976070999,1.0,0.5121120490036165,0.34823619332245925
0.6661335549270196,0.3852599992122842,0.75,0.5321120856212662,0.36183621822246104
0.7101292307031886,0.49512908154780344,0.25,0.535819396122614,0.3643571893633775
0.48628777206798146,0.9284540717223728,0.5,0.6170293434902545,0.4195799535733731
0.6183425913212226,0.8455086340201423,0.5,0.5799808144334002,0.39438695381471217
0.7166383884564799,0.5872647339348064,1.0,0.5415063327309203,0.36822430625702585
0.5273509633866545,0.5076006956336401,1.0,0.5596931901365231,0.3805913692928357
0.7563547027518508,0.5240062653436522,0.0,0.5318746308123548,0.36167474895240126
0.6099041965121792,0.6227035945460834,0.0,0.56043164786475,0.38109352054803003
0.6562459375310085,0.2954414869603189,0.0,0.5253680022125768,0.35725024150455226
0.6097440081655904,0.448524692515331,1.0,0.5436484742815609,0.3696809625114615
0.9778417276763406,0.1662831852244821,1.0,0.5009211359831589,0.3406263724685481
0.6979754162893098,0.5798446245210559,1.0,0.5436702774144401,0.3696957886418193
0.5413433606566149,0.6294391879405482,0.5,0.5716769754888119,0.3887403433323921
0.8233817368154783,0.4033627075401252,1.0,0.5178027762936155,0.3521058878796586
0.5168734525043466,0.8147973526580066,0.5,0.597161108618233,0.4060695538603985
0.7313295392507133,0.2548468673995318,0.0,0.5171107720683629,0.35163532500648675
0.40604948141803365,0.20712502395803595,0.0,0.5307167735795841,0.36088740603411723
0.5007720926652354,0.5448903637119944,0.0,0.5675898432048287,0.3859610933792836
0.7295291853803685,0.7094196605224309,0.25,0.5478226946974399,0.37251943239425916
0.8107699869993115,0.8367855382915738,0.25,0.5395037289012681,0.3668625356528623
0.7257052421784955,0.408223147426212,0.75,0.5279641554273812,0.35901562569061923
0.6826527576417639,0.7157361666862592,0.75,0.5565413472585614,0.3784481161358218
0.6548344456616066,0.4922983060998586,0.75,0.5423791810110391,0.3688178430875066
0.47822170144488585,0.4654745400118361,0.25,0.5604219058758787,0.38108689599559753
0.5920233687407936,0.6767319874973345,0.25,0.5685875810293494,0.3866395550999576
0.6309041843560318,0.6304645756826839,0.75,0.5579143555262831,0.3793817617578725
0.8585683339328373,0.1847215686031501,0.75,0.506530998333085,0.34444107886649783
0.7515427434352692,0.7953080699451791,1.0,0.5492399019138262,0.37348313330140187
0.43554397669558986,0.7760182708294903,0.75,0.6077890870539301,0.4132965791966725
0.7486125954092192,0.3748874596980941,1.0,0.523543074036215,0.35600929034462625
0.6422376579375525,0.5791607066874818,0.5,0.5516159374154098,0.3750988374424787
0.5984616999541061,0.5988060372565478,0.25,0.5598229543300889,0.38067960894446046
0.7917514433261301,0.5521347531647814,0.75,0.5287136887591601,0.3595253083562289
0.8546499283743926,0.389938969230916,0.25,0.5141656223937059,0.34963262322772004
0.8396920178674298,0.36567532641238965,0.25,0.5146509731334278,0.34996266173073093
0.5741173715166041,0.49488918580171093,0.25,0.5524969864874644,0.3756979508114758
0.6536181436223177,0.734545803851873,0.5,0.5632673942557035,0.3830218280938784
0.7496895147105346,0.6087200309188865,0.0,0.5380187254755432,0.3658527333233694
0.8463317690683538,0.4258771335827788,0.75,0.5163551095845749,0.3511214745175109
0.6281238643232064,0.6543397421296689,0.0,0.5605349329766003,0.38116375442408823
0.6721511535004274,0.0,0.0,0.5,0.34
0.5340497538990957,0.7297531400744207,0.0,0.5841974836118624,0.39725428885606645
0.5205690063878994,0.15205724424438005,0.25,0.5182171716332483,0.3523876767106089
0.8218788733591297,0.4275118117193736,1.0,0.5190280275337137,0.35293905872292536
0.9034360042856234,0.2760660210747712,0.25,0.5066641148686736,0.34453159811069806
0.6891984817629498,0.24106370485581885,0.25,0.5187219842731244,0.35273094930572463
0.8505299346838036,0.7321653574757039,0.0,0.5273319281870602,0.35858571116720095
0.7542454037571451,0.4064597597376217,0.25,0.524951594977096,0.3569670845844253
0.6032320368092313,0.5693007763461432,0.0,0.5562311951636243,0.37823721271126454
0.754209340826262,0.4906158842241632,1.0,0.5301107209166045,0.36047529022329106
0.9307054849698954,0.5954081654446243,0.75,0.5103131670798426,0.347012953614293
0.6946260941335072,0.515364378212051,0.0,0.5392637011168816,0.36669931675947953
0.9346965483721008,0.24340155516228607,1.0,0.5039736567593085,0.3427020865963298
0.3070382343865383,0.699253363889428,0.75,0.6188230927267854,0.4207997030542141
0.8232853756562836,0.4012486833677375,0.5,0.5177192042568135,0.3520490588946332
0.7130570602357257,0.18868362026804975,0.0,0.5135320527964928,0.34920179590161515
0.6551488974301198,0.4143769678068175,0.0,0.5356639212743143,0.3642514664665337
0.7137641164803253,0.8001519581268621,0.5,0.5570090638367197,0.3787661634089694
0.40186466280986605,0.6700443484226986,0.5,0.5988743769802792,0.4072345763465899
0.6670492168243731,0.4302695731184282,0.0,0.5357535212107867,0.36431239442333496
0.7535668857267619,0.4301484591363142,0.5,0.5264759191311343,0.3580036250091714
0.9216841067112274,0.43567298975652347,0.25,0.5085292023973177,0.34579985763017607
0.6222594672589529,0.9153495967121682,0.75,0.5855901408083987,0.39820129574971114
0.5787259595660218,0.5763870904463106,0.75,0.560407717329495,0.38107724778405666
0.6247364434623195,0.5860083294382139,0.75,0.5547564048191327,0.37723435527701027
0.837310317655311,0.7060566908063685,0.25,0.5286855002650045,0.3595061401802031
0.7493126664489527,0.5477578318053027,0.5,0.534275147749054,0.36330710046935677
0.6205359694349442,0.44819157083585937,1.0,0.5424159552339435,0.3688428495590816
0.7769901149670033,0.46073003018300435,0.5,0.5256642635625415,0.35745169922252823
0.714561632402206,0.4856797481171872,0.0,0.5346025083400999,0.36352970567126797
0.8452967485799333,0.4925555526980317,0.75,0.5190407740221777,0.35294772633508087
0.5946920359183971,0.645525908727396,0.5,0.5650386088355746,0.3842262540081907
0.6508506780103347,0.5103891771614599,1.0,0.5444329866103896,0.370214430895065
0.6411837770301763,0.6465280154431159,0.0,0.5577374793183447,0.37926148593647446
0.48047275778018217,0.4838566839782835,0.25,0.5625153316734428,0.3825104255379411
0.7444180415596864,0.5157270380632181,0.25,0.5329050043887906,0.36237540298437765
0.7391582908269834,0.10035986309357847,1.0,0.5065441358406273,0.3444500123716266
0.7007670184963691,0.6832655349404964,0.0,0.5509365813490645,0.3746368753173639
0.664811929993728,0.5692976951795985,0.75,0.5475612160571297,0.3723416269188482
0.48769438869243786,0.6996020219719304,0.5,0.5886554955352901,0.4002857369639973
0.6369032015851961,0.0,0.0,0.5,0.34
0.6485928225209845,0.9176749409561455,0.25,0.5799279337614396,0.3943509949577789
0.5796584096167572,0.47208207436896527,1.0,0.5494467844406001,0.3736238134196081
0.6758071432500986,0.7216365633475033,1.0,0.5582220443263262,0.37959099014190184
0.7606076285221807,0.2920188145748938,0.5,0.5174696551975833,0.3518793655343566
0.9829278851815795,0.6225547810125139,1.0,0.5026570566635434,0.34180679853120954
0.7261866719247758,0.2893168873652687,1.0,0.5197943542092794,0.35346016086231
0.7386325586084146,0.37524620786083895,0.0,0.5244996496904992,0.3566597617895395
0.6888331126350749,0.8828062707733573,0.75,0.5682464017420911,0.38640755318462194
0.41218431770514374,0.46186351984733065,0.5,0.5674588133513564,0.3858719930789224
0.6960229186826175,0.5434865746359445,0.0,0.5412081819683395,0.3680215637384709
0.7090345314911539,0.6740135461377509,0.75,0.5488721280335012,0.3732330470627808
1.0,0.5991363775945209,0.0,0.5,0.34
0.6711458552828315,0.5300837810287153,0.0,0.5434700388252424,0.36955962640116485
0.7452321013500418,0.5729922004932451,1.0,0.5364303329782306,0.36477262642519687
0.6947932345442135,0.9806831170476551,0.75,0.5742741062513784,0.39050639225093736
0.5246982943570702,0.48847624059328293,0.5,0.5577840617011972,0.3792931619568141
0.871423422177253,0.5402198093429935,0.5,0.5173579253415618,0.351803389232262
0.8127899549030161,0.7101308792015224,0.75,0.5331870438605637,0.3625671898251833
0.818654792056457,0.7211051865915967,1.0,0.532645734161171,0.3621990992295963
0.5635918817807891,0.7374060611120761,0.25,0.5797652975016513,0.3942404023011229
0.9104191466404148,0.6277460444058369,0.0,0.5140548030311157,0.3495572660611587
0.4897223405811578,0.27139901745390327,1.0,0.5345669843481129,0.3635055493567168
0.7880285640700405,0.8266863064602192,0.75,0.5436967121131591,0.3697137642369482
1.0,0.2707309213962624,0.0,0.5,0.34
0.5514195512303968,0.5605270930478067,0.5,0.5625312700639575,0.38252126364349115
0.6150553405595842,0.3491448299961284,0.25,0.5335498715864426,0.362813912678781
0.7149477047631462,0.4871723306814015,0.5,0.53466171207865,0.36356996421348203
0.6244786518825701,0.5657524820606961,0.75,0.5529141558721814,0.3759816259930834
0.46740048534008005,0.5642714430900546,0.0,0.5745722449092346,0.3907091265382796
0.710284446220904,0.584384150847057,0.75,0.5422254791734156,0.3687133258379226
0.5406544429410842,0.8227422538117295,0.0,0.5933720580114686,0.4034929994477987
0.7710388645952772,0.590706860302796,1.0,0.5337607806005992,0.3629573308084075
0.5620863648649295,0.45116867294187024,0.25,0.5492331808371022,0.3734785629692295
0.9324901607526308,0.6928174336576715,1.0,0.5116908672072281,0.34794978970091517
0.5825120061495644,0.7378940977849281,1.0,0.5764121290362524,0.39196024774465166
0.6516907725691486,0.25447843697260153,0.75,0.5221448003634872,0.3550584642471713
0.8220275826054504,0.6194800139699717,0.25,0.5275347038682867,0.358723598630435
0.5153703525349067,0.6402345484621796,0.0,0.5769527852396227,0.39232789396294343
0.7341189901906193,0.4404872993280016,0.0,0.5292458805132825,0.35988719874903213
0.8960714131423642,0.7751413626623239,0.5,0.520128951699913,0.3536876871559409
0.45887751481581585,0.46998888259349464,0.0,0.563239894774349,0.3830031284465573
0.7276950787798456,0.5251152906943084,0.75,0.5356870836610625,0.36426721688952257
0.7389824191372635,0.46538563514322606,1.0,0.530331170376373,0.36062519585593367
0.8172734307665965,0.5031158095162935,1.0,0.5229669830671615,0.35561754848566984
0.5144573933682877,0.2807449826209596,1.0,0.5340257417825659,0.3631375044121448
0.5019315080373585,0.2119898234811411,0.25,0.5263718673773378,0.3579328698165897
0.7782912348425346,0.8189010126449945,0.0,0.5452651113244646,0.370780275700636
0.7445477009849779,0.3306077303363344,0.75,0.5211010856181263,0.3543487382203259
0.7375739275518814,0.3017215301087386,0.25,0.519784563650568,0.3534535032823863
0.7519672314245464,0.06932197727925704,0.5,0.5042984245893701,0.34292292872077174
0.5979962917632263,0.3722076504620996,0.75,0.5373375779636653,0.36538955301529247
0.7348380545741505,0.23538204131850032,0.75,0.5155985265875969,0.3506069980795659
0.7439608709948021,0.8284030320272738,0.75,0.5528279941803462,0.37592303604263544
0.5928472872960447,0.7019634178685268,1.0,0.5709691395628718,0.38825901490275283
0.9798661766717134,0.36236993096445524,0.75,0.5018239649515767,0.34124029616707213
0.7710749381367681,0.9504871610688618,0.0,0.5541839707034487,0.37684510007834515
0.5213044754196027,0.6963530973983189,0.75,0.5825720979122357,0.3961490265803203
0.7984830412950744,0.4350337232982755,1.0,0.5219026423793557,0.3548937968179619
0.5537977494659018,0.00011885702528535713,0.75,0.5000132585680404,0.34000901582626747
0.8180626905613677,0.9581885145181483,0.5,0.543472517900113,0.36956131217207683
0.8737893368511106,0.22208550664728077,0.5,0.507006931020212,0.3447647130937442
0.5768976522472434,0.1709202506086216,1.0,0.5180713148639113,0.3522884941074597
0.8445064193866483,0.704514086401928,0.0,0.5273594989919211,0.3586044593145064
0.7619171390404746,0.9879504812678546,0.0,0.5585338988915088,0.37980305124622604
0.8233090239991735,0.7768545637021036,0.25,0.5342620199021543,0.36329817353346494
0.984518947398092,0.6127818240104719,1.0,0.5023716091269279,0.341612694206311
0.6631917825995693,0.6189508683330572,0.75,0.55192900638205,0.37531172433979404
0.5869395753463765,0.6706831117560615,1.0,0.568818589159842,0.38679664062869257
0.5665728355561714,0.6517857179573531,0.25,0.5701594262209043,0.387708409830215
0.5776284572551842,0.5562382847938752,1.0,0.5584661258670018,0.3797569655895613
0.6884347435878844,0.5208402207903752,1.0,0.5404801365343417,0.36752649284335237
0.7511727962224966,0.48748137442009554,0.25,0.5302875299892864,0.3605955203927148
0.7415036198995029,0.34920708222666474,0.0,0.5225518801717842,0.3553352785168133
0.8240774873554035,0.4438649846266452,0.75,0.5195115477091287,0.35326785244220754
0.701950283781686,0.1614086371609229,0.25,0.5120246306040812,0.34817674881077526
0.9180301115735975,0.48033207464105004,0.5,0.5098419202501766,0.3466925057701201
0.6603014750143066,0.30228177856981653,0.0,0.5256486356316928,0.3574410722295512
1.0,0.2792821365568458,0.5,0.5,0.34
0.7938501021647508,0.5359788302306957,0.0,0.5275949266465898,0.3587645501196811
0.5714263665375576,0.7784004572689198,0.75,0.5826355186174446,0.39619215265986235
0.539366125290833,0.6836633212004626,0.75,0.5780853511965438,0.3930980388136498
0.7723708622864778,0.18589987927536455,1.0,0.5105774789603198,0.3471926856930175
0.6664805822011223,0.3020743726859325,0.5,0.5251656347003304,0.3571126315962247
0.8071000741138138,0.6881542375976432,0.0,0.533137579292149,0.3625335539186613
0.7709856436860316,0.30350252129233807,0.75,0.5173696162742601,0.3518113390664969
0.6890756631014691,0.45507337000059506,0.25,0.5353144487166599,0.36401382512732877
0.5729809422897392,0.6100104198049103,0.75,0.5647557759642309,0.384033927655677
0.47277291629712026,0.3063311090272729,0.25,0.5402889768641841,0.3673965042676452
0.6330227571899468,0.521075101229192,0.0,0.5476605343397668,0.37240916335104146
0.8284598191485208,0.2331949010163591,0.75,0.5099992405239613,0.3467994835562937
0.7321140616195305,0.3797264712097573,0.75,0.5254089390681744,0.3572780785663586
0.5131391831932017,0.5639563868285074,0.0,0.5682140623043468,0.38638556236695587
0.7259771388776772,0.18140125329366613,0.75,0.5124244644202116,0.3484486358057439
0.7577976069593255,0.5880949475920798,0.25,0.5355494172769117,0.3641736037483
0.56742138456983,0.49607244021466373,0.75,0.5534426577720781,0.37634100728501313
0.7230587658918292,0.6104979908834296,0.5,0.5421676165220798,0.36867397923501427
0.7087313077669,0.5447828268129323,1.0,0.5395865185764999,0.3669188326320199
0.5285544553254065,0.7728280859947689,0.25,0.5900921560800713,0.4012626661344485
0.7536681040522425,0.5250449005295814,0.5,0.5322888293854314,0.3619564039820934
0.7841176789552351,0.4141188917749494,0.0,0.5223353625306498,0.3551880465208419
0.8624576864762915,0.5244595006064567,0.25,0.5180260273893103,0.352257698624731
0.8580703078052354,0.6086596058072776,1.0,0.5215832968381012,0.3546766418499089
0.4933495948064363,0.5097720140651408,1.0,0.5642124958478748,0.3836644971765549
0.5593262440127316,0.5081183382407765,0.0,0.5557458845023818,0.37790720146161966
0.7772552900812989,0.3596016624386489,0.0,0.5200141423980057,0.3536096168306439
0.7770678926368313,0.36741981648981037,0.25,0.520465977254734,0.35391686453321913
0.7772571529459071,0.21947894564006126,0.75,0.5122194077292916,0.34830919725591836
1.0,0.8499153486373878,0.0,0.5,0.34
0.785633576603975,0.251227352921743,0.75,0.5134604241278734,0.3491530884069539
0.8703348460270898,0.36141896044081856,0.5,0.5117137175785821,0.3479653279534358
0.8431002645239802,0.3563185468861605,1.0,0.5139729322459443,0.34950159392724217
0.7977086876958697,0.6789848753888883,0.75,0.534284302313268,0.36331332557302226
0.6527096133039482,0.44101006434159445,1.0,0.5382149657007046,0.36598617667647915
0.81384538307399,0.7495484145347467,0.75,0.534826489306272,0.36368201272826495
0.5840762178193641,0.36530187515122625,0.5,0.5379115298871018,0.36577984032322924
0.6644772089889986,0.5557988324447604,0.0,0.5464861551131379,0.3716105854769338
0.6271954678256344,0.33293058934804853,0.5,0.5309897345526778,0.36107301949582093
0.7122811209079484,0.9290298255546776,0.0,0.5664297967799098,0.3851722618103387
1.0,0.2624803161940974,0.0,0.5,0.34
0.41991022111123777,0.5619641420454055,1.0,0.5807832793651957,0.3949326299683331
0.8029390285561769,0.6267553761864197,0.5,0.5308380642354226,0.36096988368008737
0.4580926193215522,0.5827598194902996,0.75,0.5783007908509776,0.3932445377786648
0.6292102201315849,0.46294246822445834,0.5,0.5428085220435303,0.3691097949896006
0.8633425895451049,0.4740358600533148,1.0,0.5161894670587419,0.3510088375999445
0.7096420028643193,0.5087622943958219,0.0,0.536863787333858,0.36506737538702344
0.5383382833106041,0.47059959967430226,1.0,0.5541018171778958,0.3767892356809691
0.5927044436110047,0.6927758233589819,0.25,0.5700768034111687,0.3876522263195948
0.8019396623402013,0.9421046003182703,0.25,0.5465135113830749,0.371629187740491
0.5904450052424295,0.38850164299843326,0.75,0.5396944873593066,0.3669922514043285
0.7324687884372962,0.22603940408418444,1.0,0.5151135434193117,0.35027720952513197
0.706835775985572,0.48234359032974905,0.75,0.5352926824132956,0.36399902404104106
0.6022599478591274,1.0,0.75,0.5981445624591226,0.4067383024722034
1.0,0.3392650864060538,0.25,0.5,0.34
0.7950878533477016,0.8278233610888135,0.75,0.542306368033007,0.3687683302624448
0.3962286120013589,0.8355401628152881,0.25,0.6235104523094419,0.4239871075704205
0.7279681472154141,0.3892823516584011,0.0,0.5264495868462294,0.357985719055436
0.6007320302847418,0.6137966158370551,1.0,0.5609625248977765,0.3814545169304881
0.8278650002194335,0.8256793246257077,0.75,0.5354723844880835,0.36412122145189685
0.5811218892350949,0.4241744518025026,0.25,0.544302858838067,0.3701259440098856
0.6827895337799651,0.45928392797952766,0.5,0.5363581300733143,0.3647235284498538
0.7757480918470685,0.38366381721027126,0.75,0.5214960771531575,0.3546173324641471
0.8298632791255182,0.29704865386142665,0.0,0.5126320323857282,0.3485897820222952
0.5199555389416335,0.3701444909867986,0.0,0.5443049472325375,0.3701273641181255
0.6498248146238577,0.25521194664754865,0.5,0.52232736431272,0.3551826077326496
0.6287582033258565,0.5068166936518452,0.25,0.5468996087866231,0.37189173397490377
0.6020006151139432,0.34600535378827163,0.75,0.5343731755184706,0.36337375935256006
0.9648181360421645,0.5467571823581495,0.25,0.5048088359218754,0.34327000842687533
0.7607472566441433,0.1888208707592745,0.0,0.5112920574365015,0.3476785990568211
0.5108674068497432,0.5661760464428914,0.25,0.5687946774334758,0.38678038065476356
0.8376792920582163,0.666705792321785,0.0,0.5270286651160562,0.35837949227891824
1.0,0.10125287148570888,0.25,0.5,0.34
0.854869789082672,0.5748113139695145,0.5,0.520843535156081,0.35417360390613506
0.472094505106898,0.7455337984946584,1.0,0.5971421420123448,0.4060566565683945
0.6273648890700623,0.2580717962617589,0.5,0.5240231420903909,0.35633573662146584
0.8900366723779933,0.8345144773675407,0.5,0.5229254115762041,0.3555892798718188
0.5938495801571828,0.583803801873209,1.0,0.559001864059584,0.3801212675605171
0.7665729142219342,0.3589976288483182,1.0,0.5209376912700924,0.3542376300636628
0.8161951080144004,0.4888461844684588,0.75,0.5224479793650872,0.35526462596825936
0.5609604292632875,0.6116653825043445,0.75,0.5667357451515235,0.38538030670303597
0.6910711965907299,0.5152010782824823,0.5,0.5397063283014477,0.36700030324498445
0.2138098989896391,0.6077511984892738,0.5,0.6172301268258821,0.41971648624159985
0.5463418537998564,0.31586528138412673,0.0,0.5357625415027277,0.3643185282218549
0.6621147772910259,0.5338721648072156,0.0,0.5449749890267588,0.370582992538196
0.5128325227052726,0.21725710061900394,0.75,0.5264354749891264,0.35797612299260595
0.9448616955897452,0.4777547877302599,0.75,0.5065852664236494,0.34447798116808165
0.48547879330590504,0.31921847170704204,0.0,0.5409691100703246,0.3678589948478207
0.6339933269954524,0.3528940114820467,0.0,0.5322455745967456,0.36192699072578705
0.7196110865929136,0.7472186350420875,0.25,0.5521871974981385,0.3754872942987342
0.9161909933599173,0.7182620241188538,0.25,0.5150446639018618,0.350230371453266
0.48462067732308406,0.6218276241814354,0.0,0.5794405206168614,0.39401955401946576
0.8744745628232439,0.2815374470654842,0.25,0.5088341083731729,0.3460071936937576
0.7015349591529381,0.4367183100610396,1.0,0.532540228948316,0.3621273556848549
0.5527737023428073,0.7426195399958366,0.75,0.5822748696270468,0.3959469113463918
0.7693155211394905,0.528343382727981,0.75,0.5304324912032615,0.36069409401821784
0.7298589543360204,0.9638659079963389,0.0,0.5647296390625081,0.3840161545625055
0.6099674684261808,0.5786635678788744,0.5,0.5561860990755233,0.3782065473713559
0.7104703127485028,0.5384098232980064,0.0,0.5388926800741672,0.36644702245043376
0.6422029604707359,0.43817670715949975,0.25,0.5391144972374539,0.36659785812146867
0.7170276017876872,0.5267081809564564,0.5,0.5371921456577619,0.3652906590472781
0.7993196011781569,0.46950603272389124,0.25,0.5235377539522231,0.35600567268751176
0.9379025224218027,0.641621735337718,1.0,0.5099594553361666,0.34677242962859334
0.5143276751759727,0.6913404633589169,0.25,0.5831614084236244,0.3965497577280646
1.0,0.3428021078984101,1.0,0.5,0.34
0.4071868300716247,0.2337534092884444,1.0,0.5345876958587605,0.3635196331839572
0.6772322357446625,0.13275892537934064,0.25,0.5107109365268654,0.3472834368382685
0.7882475809726864,0.6015982653825087,0.25,0.5318044728876198,0.3616270415635815
0.7421487801602549,0.27932667876522527,1.0,0.5179984012356317,0.35223891284022957
0.6065950720269109,0.0694218814095034,0.5,0.5068273032034708,0.34464256617836014
0.6687816624464087,0.5777157209061928,1.0,0.5476920790773298,0.37243061377258424
0.626049859801175,0.9985999034865581,0.75,0.5922866992844182,0.40275495551340446
0.6115952864583682,0.49878581769202135,1.0,0.5482817773050168,0.3728316085674115
0.8274403145531537,0.6676981548903284,0.5,0.528772622891446,0.3595653835661833
0.753552322894757,0.516365871709513,0.75,0.5317714274065152,0.36160457063643037
0.5960635607109018,0.4802220693617715,0.0,0.5483433049754559,0.3728734473833101
0.8349399813149876,0.6838152965975537,0.0,0.5281877223482454,0.3591676511968069
0.7460949281314914,0.4419450911622697,0.5,0.528023626115686,0.3590560657586665
0.821929317825844,0.5534784628143806,1.0,0.5246196460243238,0.35674135929654016
0.7944443262885418,0.5643395612392027,0.25,0.5289683220249205,0.35969845897694597
0.5756507483616891,0.36638190927139025,0.5,0.5387903665650526,0.3663774492642358
0.6159728439704545,0.6984084699073045,0.75,0.566652874213935,0.3853239544654758
0.8120940407684892,0.46500804866091827,0.75,0.5218305581566531,0.35484477954652416
0.7915555398150197,0.348850968101431,0.0,0.5181710068503216,0.3523562846582187
0.6968647609053777,0.6073019687140807,0.75,0.5458941142172293,0.37120799766771595
0.7175991074963173,0.3203064036417925,0.5,0.522598297255959,0.3553668421340521
0.8916497343682637,0.5056362314738256,0.75,0.5136930302163348,0.3493112605471077
0.6112642916746255,0.4981762006711593,0.5,0.5482639737149797,0.3728195021261862
0.7820646071755056,0.7171791131663157,0.25,0.5389953245762156,0.3665168207118266
0.6696711021349159,0.5949396465759905,0.0,0.5489739167326565,0.37330226337820643
0.6673478195159169,0.4949946082509712,0.75,0.5410725000792779,0.367929300053909
0.8648165277980785,0.6635532598400574,0.5,0.5224103336516934,0.35523902688315157
0.8238124523482044,0.7780415098034628,1.0,0.5342167418548207,0.3632673844612781
0.8220264454000957,0.6115620612703725,0.0,0.5271836377378325,0.3584848736617261
0.8958218210731493,0.5020705239686761,0.25,0.5130732178894895,0.34888978816485283
0.7031505762449138,0.2376327535299681,0.5,0.5176279772810024,0.35198702455108166
0.8022929456942446,0.28697726738492546,0.25,0.514180553656717,0.3496427764865676
0.6534599865109816,0.43895505912906646,0.25,0.5379557127457062,0.36580988466708025
0.7486249528732662,0.3780975595681434,0.75,0.5237432021328393,0.35614537745033076
0.6804785418448472,0.4626057394029108,0.75,0.5368859808590095,0.3650824669841265
0.7145493947489077,0.5113299849794214,0.5,0.536425218976087,0.3647691489037392
0.789273553815537,0.6059385508713462,1.0,0.5318785187334828,0.3616773927387683
0.5772668975149791,0.48590024438818175,0.5,0.551171737407525,0.37479678143711703
1.0,0.5973003287652404,1.0,0.5,0.34
0.5490973927750447,0.512894882962024,0.25,0.5575600940203189,0.3791408639338169
0.5178717080818401,0.1049066867292257,0.0,0.5126419255060791,0.34859650934413383
0.8737166310250102,0.31213292123624914,0.5,0.5098530235155926,0.346700055990603
0.8187494040944403,0.47118248885567693,0.5,0.5213375594713904,0.3545095404405455
0.7936179725578232,0.2580610514317785,1.0,0.5133116443157638,0.3490519181347194
0.794251826389642,0.619985745999241,0.25,0.5318470613692805,0.3616560017311108
0.6981629840729627,0.8061501664687395,0.25,0.5605331164762389,0.3811625192038425
0.5654118442771252,0.7437523703394633,1.0,0.5801102441723738,0.3944749660372142
0.7113706837290589,0.4573114258139584,0.25,0.5329505454556391,0.36240637090983463
0.5984257432731832,0.7981452273699905,0.75,0.579449653249232,0.3940257642094778
0.8462679600126626,0.5297334914404224,0.0,0.5203480081718038,0.35383664555682665
0.6779413927746791,0.43258280577639213,0.5,0.5347730290241528,0.36364565973642393
0.5761754204811232,0.37731946729181204,0.0,0.5398943324439398,0.3671281460618791
0.651792123752051,0.43950606270237436,0.5,0.5381853687004555,0.3659660507163098
0.7619397181413436,0.42236463629175425,0.75,0.5251159046114547,0.35707881513578926
0.6154413170794037,0.5340832444750976,0.25,0.5511668469821694,0.3747934559478753
0.5766669406650352,0.5321147962099729,1.0,0.5560785143820611,0.3781333897798016
0.7365530817237868,0.5006092040306829,0.75,0.5329232812572252,0.3623878312549132
0.7367449856663084,0.58738763394927,0.0,0.5385813381731548,0.3662353099577453
0.6239585236943305,0.7381292549572682,1.0,0.5689496935876527,0.38688579163960385
0.6293442541572516,0.6899108270882648,0.25,0.5635837388881004,0.3832369424439083
0.7348074906036454,0.20302040631001927,0.75,0.5134566223600896,0.34915050320486096
0.4827873487754013,0.0,1.0,0.5,0.34
0.48888043384351665,0.6868639822478547,0.75,0.586876935076596,0.3990763158520853
0.5922333668121346,0.2266242603169158,0.75,0.5230860265101903,0.35569849802692943
0.6679829272432228,0.45504691962146326,0.25,0.5376991531912237,0.3656354241700322
0.7466361348397006,0.2659773947881281,0.5,0.5168408924044657,0.35145180683503674
0.9213034325424327,0.13960391248399606,1.0,0.5027465595533108,0.3418676604962514
0.8286489434803028,0.6082925456409576,0.25,0.5260343266373438,0.35770334211339383
0.6760092205054858,0.6518310320605294,0.75,0.5526014539146259,0.37576898866194564
0.6971475688145966,0.3846979198546561,0.25,0.5290937730690958,0.35978376568698517
0.5496205953043286,0.0,0.5,0.5,0.34
0.6972230296011415,0.39075111034950344,1.0,0.5295431568636557,0.3600893466672859
0.6567012041619792,0.5783608010805092,0.5,0.5494752126651382,0.37364314461229403
0.7484077840507134,0.20421768624517422,0.0,0.5128420700719615,0.3487326076489338
0.5759153584671515,0.5366719839558312,1.0,0.556654243708381,0.3785248857216991
0.7779019771361758,0.4969380301654009,0.5,0.5275642634481249,0.358743699144725
0.9299108369503866,0.6158582999202177,0.75,0.5107895729757033,0.34733690962347824
0.6836859777314713,0.5239160736828307,1.0,0.5413359399886755,0.36810843919229935
0.7602567583148412,0.30538621182368886,1.0,0.5182953983781319,0.3524408708971297
0.8035215987566668,0.7393143003328982,0.25,0.5362511030276866,0.36465075005882697
0.6398169292171245,0.468294085394606,0.75,0.5420682105880639,0.3686063831998835
0.7336138722715625,0.4945390920980136,0.0,0.5328870393266816,0.3623631867421435
0.7018888601172691,0.31334640818536075,0.5,0.5233360473676534,0.3558685122100043
0.7146514147823247,0.41134354976169796,0.25,0.5293104314191671,0.35993109336503365
0.58404853242168,0.3230394571946198,0.5,0.5335417330428702,0.36280837846915176
0.7036765261388414,0.4654107880153154,0.0,0.5344234921139405,0.36340797463747954
0.7746997436868174,0.8423416960284686,0.0,0.5473030614311946,0.3721660817732123
0.9176715411692562,0.22561977141372874,1.0,0.5046435985020534,0.34315764698139634
0.843890623912781,0.17728772042465174,0.0,0.5069186272361633,0.34470466652059106
1.0,0.7942340654987217,0.5,0.5,0.34
0.5848978655667926,0.4581352645696268,0.75,0.5474004615084594,0.37223231382575245
0.8308480955081017,0.3661854522680167,0.75,0.5154802925634905,0.35052659894317356
0.7275013008607527,0.7079809374792153,1.0,0.5480819309280379,0.3726957130310658
1.0,0.3788768920526272,0.5,0.5,0.34
0.5787552571967273,0.8652019427093873,0.5,0.5901200720100135,0.4012816489668092
0.5740417236728835,0.6355851742678538,0.0,0.5672727889241561,0.3857454964684262
0.6100911031833967,0.4024177183708595,0.5,0.5391462813722001,0.3666194713330961
0.38141564135352896,0.9314616426531007,0.25,0.6401897028245105,0.43532899792066715
0.6211367467478858,0.3788570153993323,0.0,0.5358222696983395,0.36435914339487085
0.5861301007669453,0.6484190744018614,0.25,0.5666905223298386,0.3853495551842903
0.7225590679714311,0.5598585160812983,1.0,0.5387540312490811,0.36635274124937517
0.7512633963665739,0.7603482578797596,0.75,0.5471411791779384,0.37205600184099813
0.9814256258823828,0.8123022393453705,1.0,0.5037719298668186,0.3425649123094367
0.8425635757279075,0.5064008298131534,0.75,0.5199209332636174,0.3535462346192599
0.6134644516506395,0.3493164259307633,1.0,0.5337046131248924,0.36291913692492683
0.5652377992977462,0.5919944285878233,0.5,0.5639913422975331,0.38351411276232256
0.7737878757259758,0.3644569260495788,0.25,0.5205994771110279,0.35400764443549904
0.5019650189469036,0.9026774495053247,0.75,0.610535791094903,0.41516433794453406
0.9747188148781529,0.5273070662165474,0.0,0.5033326875339346,0.3422662275230755
0.876916018108193,0.42693568973757823,0.25,0.5131342139229257,0.3489312654675895
0.6296236521842943,0.5369360611729816,0.0,0.5495538960872851,0.3736966493393539
0.44302982063636837,0.2305747420940607,0.25,0.5320617610031133,0.36180199748211705
0.9030808561248118,0.3056771922978697,0.25,0.5074059512703332,0.34503604686382655
0.6828190232121073,0.7400827815888851,1.0,0.558417044953511,0.3797235905683875
0.8856724467960192,0.36862114420572084,0.75,0.5105343292650542,0.34716334390023684
0.4608358511808449,0.2906178034636121,0.75,0.5390927242346776,0.3665830524795808
0.610093746556934,0.6073305505054573,0.25,0.5589253975426051,0.3800692703289715
0.7007865549577275,0.7371408309325994,0.5,0.554918154926977,0.37734434535034445
0.7070470890647113,0.6437906621330134,0.5,0.5470108213987667,0.37196735855116136
0.6324901792781135,0.6992095371611633,0.0,0.5638904130784445,0.38344548089334224
0.7934274898521247,0.34864098228610785,0.0,0.517997132381258,0.35223805001925546
0.5398569355926108,0.21563786665163126,1.0,0.5247857349560363,0.35685429977010474
0.678643077246806,0.8002667303910973,0.25,0.563940796645436,0.3834797417188965
0.7180443447567848,0.4354640322315728,0.0,0.5306568828125869,0.3608466803125591
0.7771658251088123,0.44983339670899053,0.0,0.5250386019128063,0.3570262493007083
0.8067422317133335,0.7656388283698117,0.25,0.5369240699357908,0.36510836755633774
0.5313036862243196,0.611246001880132,1.0,0.5711363038016061,0.38837268658509216
0.4698828743896566,0.5911775544163216,0.0,0.577713321533406,0.3928450586427161
0.8916515232847764,0.9330004689802168,1.0,0.525250795355365,0.35717054084164823
0.7498471017969387,0.3712963539239714,0.75,0.5232035360280973,0.3557784044991062
0.587727019516517,0.6855680256162474,1.0,0.5701936234548567,0.3877316639493026
0.9326727963283784,0.5114026249794169,0.5,0.5086069768809854,0.34585274427907015
0.7173511951439288,0.5537184557726513,0.5,0.5390472931137119,0.3665521593173241
0.8768945776095739,0.8056936852825063,1.0,0.5247760070802646,0.35684768481457996
0.7101277722115164,0.6015671512579248,0.5,0.5434842708614548,0.36956930418578926
1.0,0.6076592158099265,0.75,0.5,0.34
0.9633011263664806,0.7145014674619604,0.25,0.506554974191504,0.3444573824502227
0.662655377728139,0.42700945409142294,0.5,0.5359501927237252,0.3644461310521332
0.8457356426431533,0.3321580665321987,0.5,0.5128072356181983,0.34870892022037486
0.7968063924377721,0.2910381611957933,1.0,0.51477996635917,0.35005037712423565
0.9052947336298522,0.10672868212479963,0.75,0.5025269205535409,0.3417183059764078
0.5552614809129843,0.9112414259880645,0.25,0.5999517720430037,0.4079672049892425
0.8029077189997659,0.27935832685566336,1.0,0.5137613661353875,0.3493577289720635
0.8587636730274382,0.4557492752828456,1.0,0.5160865345408066,0.35093884348774845
0.4361890770365328,0.4446373400222159,0.75,0.5623466679764276,0.38239573422397083
0.5225112231001336,0.5614813395618201,0.25,0.5666266533189022,0.3853061242568535
0.3941151733359849,0.6631474425078594,0.75,0.5991178845268202,0.4074001614782378
0.6595889748333162,0.6720946976719491,0.25,0.5569489158114312,0.37872526275177326
0.8076313383693943,0.3833845122862123,0.75,0.5184294386337074,0.35253201827092107
0.9253535578144041,0.4665756572427177,1.0,0.5087061731714818,0.34592019775660765
0.7111142170629662,0.55651599009766,1.0,0.5401060419959693,0.36727210855725917
0.9442923318356937,0.4502617747632906,0.0,0.5062704296294646,0.34426389214803593
0.49298478126776624,0.8214691152039986,0.5,0.6026447917832585,0.4097984584126158
0.4444926340967268,0.5981949903276502,0.75,0.5823193159742919,0.3959771348625185
0.6916678451655072,0.6469755572099635,0.0,0.5497061189617355,0.37380016089398016
0.757609817340896,0.6325762537334826,0.5,0.5382576441230777,0.3660151980036929
0.695095787785886,0.734694771497065,0.75,0.5557698610616241,0.3779235055219044
0.3898836849940185,0.5362043117407413,0.25,0.5810650362033432,0.3951242246182734
0.6866319940730817,0.2406336104088307,0.5,0.5188427908579191,0.352813097783385
0.504329574924272,0.5799375903505284,1.0,0.5713736740946289,0.3885340983843477
0.8004508823245057,0.3697286212416342,0.0,0.5184363928269092,0.3525367471222983
0.7549897369145272,0.39427666365004865,0.5,0.5241316939506288,0.3564095518864276
0.5590180320508966,0.6172728037510187,0.5,0.567634437521443,0.3859914175145813
0.6229199623994959,0.7476566142867271,1.0,0.5700184392872908,0.3876125387153578
0.5411179717166572,0.5042543153472123,0.75,0.5575915717785441,0.37916226880941
0.6905981354090241,0.5617666025197927,0.25,0.5433438435991571,0.3694738136474269
0.8432713480751857,0.8404429889270476,1.0,0.5328828432862222,0.3623603334346311
0.5521410930496684,0.5481506358977136,0.25,0.5610671473914436,0.3815256602261817
0.7756069773276766,1.0,0.75,0.5558640455480133,0.3779875509726491
0.6204613572441339,0.6131019291263089,0.5,0.557912884839097,0.37938076169058593
0.5810690751606483,0.14784744816883644,0.25,0.5154795186930013,0.3505260727112409
0.6839454460068163,0.6506683242209065,0.0,0.5512312490331118,0.37483724934251605
0.5447136516370938,0.5762316769765555,0.0,0.565213988091531,0.3843455119022411
0.6169526041979226,0.7579505508165492,1.0,0.5720771615191044,0.389012469832991
0.5203183161116727,0.6346362702539917,0.75,0.5755234947132595,0.39135597640501646
0.9947087699374584,0.47230880320324525,1.0,0.5006247733094109,0.34042484585039945
0.7052895327957592,0.2551403527421269,1.0,0.518789281220953,0.35277671123024806
0.5950411738011121,0.4581953485427949,1.0,0.546254929871421,0.3714533523125663
0.7320969866101332,0.32989590915813993,0.0,0.5220806561656803,0.35501484619266266
0.6831507925463755,0.38389531003905547,0.0,0.5303717931533198,0.3606528193442575
0.6668545600700165,0.617715680884122,1.0,0.5512664936420932,0.37486121567662345
0.7921250050065137,0.8339809008702812,0.0,0.5432327181580824,0.36939824834749607
0.8136261565070957,0.5789343059645962,0.75,0.5269484134980346,0.35832492117866355
0.6204248278584208,0.2608233875929631,1.0,0.5247303245177495,0.35681662067206965
0.6136272639032979,0.5889205336440282,0.0,0.5566415319944528,0.3785162417562279
0.6587422454272533,0.7393262973291302,0.25,0.5627427328363261,0.3826650583287018
0.3547118252896622,0.37804341913612355,1.0,0.5606860820785483,0.38126653581341285
0.4727213406702171,0.4731965666654165,1.0,0.5620550179965538,0.3821974122376566
0.9050311401166786,0.5029376389458394,0.75,0.51193858395926,0.3481182370922968
0.9467451570251925,0.343020337383552,0.5,0.5045667465577157,0.3431053876592467
0.6626445940665432,0.6296560867687718,0.5,0.5529056892502563,0.3759758686901743
0.7864835444583649,0.4758103702784437,0.75,0.5253765133416187,0.35725602907230075
0.7466875231815304,0.5839064887814056,0.75,0.5369104315979975,0.36509909348663827
1.0,0.32250156443958,0.75,0.5,0.34
0.8679362367151865,0.4125083399353179,0.5,0.5136159836605779,0.349258868889193
0.680812361277885,0.6444762715655543,0.75,0.5512466288851734,0.37484770764191794
0.5566689339099361,0.42543336958164657,0.0,0.5470126750609808,0.371968619041467
0.4590330519613641,0.845392770246681,1.0,0.6123804795433371,0.4164187260894692
0.7305195453800835,0.4200727628770795,1.0,0.5282701670856996,0.35922371361827576
0.5865473882073544,0.5449369451503772,0.25,0.5560893312140772,0.37814074522557256
0.48666194356034886,0.686518166374618,0.25,0.5872033058201821,0.39929824795772384
0.603014067363621,0.21632685341339364,1.0,0.5214564939556166,0.35459041588981927
0.5377677994578407,0.1478382376038448,0.0,0.517077253443285,0.35161253234143386
0.9530712452608847,0.19486873708598101,0.5,0.5022862208592141,0.34155463018426563
0.8322459635424175,0.7525168206854365,0.5,0.5315175893874017,0.36143196078343315
0.6988041038025073,0.38962837082151064,0.0,0.5293049917656468,0.35992739440063987
0.9219916208335038,1.0,0.5,0.5194922111195782,0.3532547035613132
0.7116052461471427,0.3871504802685223,0.75,0.5278840804899184,0.35896117473314454
0.5708073698007604,0.5369102606394074,1.0,0.5573558983989687,0.37900201091129876
0.9284686115904486,0.8084219905135752,1.0,0.5144528595144333,0.3498279444698147
0.7808365065526988,0.9012185776318247,0.0,0.5492186476343293,0.3734686803913439
0.5444130768510315,0.9123007153272795,0.5,0.6024376208974903,0.4096575822102934
0.6714491982874587,0.7416732461186285,0.25,0.5606196718372389,0.3812213768493225
0.5686572619922864,0.7048125051622924,0.25,0.5754239069860747,0.3912882567505308
0.4925800403553495,0.6185053898402366,0.5,0.577822766772956,0.39291948140561006
0.8389266321297462,0.6556722152333275,0.25,0.5263783194323438,0.35793725721399383
0.9864124960705195,0.38976285673429334,0.0,0.5013239729924501,0.3409003016348661
0.49021486392712876,0.33636022331553855,0.0,0.5427631334355987,0.3690789307362071
0.7844453855035856,0.4993251085178096,0.5,0.526882011357376,0.35827976772301573
0.6024036146317259,0.4659630754950143,0.25,0.5461842847415926,0.37140531362428303
0.6269311924352956,0.40935439013454494,0.0,0.5381053077813607,0.36591160929132527
0.6111409113641696,0.6392774894913431,0.0,0.5618291412964416,0.3820438160815803
0.5704013845480276,0.6910610417141021,0.75,0.5736793531400519,0.39010196013523535
0.707278244191724,0.5176813772583695,0.75,0.5378118209557118,0.365712038249884
0.5753574825383443,0.7955060162110523,0.0,0.5836573974596575,0.3968870302725671
0.7405685238669758,0.271662177173299,0.5,0.5176121403934675,0.3519762554675579
0.6924642835826295,0.4612681081440564,1.0,0.5354047528893761,0.36407523196477576
0.6641577929700385,0.35663553587943897,1.0,0.5299075713221811,0.3603371484990832
0.5638654506937603,0.12669267658538796,0.0,0.5138102498326279,0.349390969886187
0.6134843004147501,0.48346386283146014,0.0,0.5465811247604099,0.37167516483707874
0.8133086838738633,0.4756504983233433,0.0,0.5221853779069696,0.35508605697673934
0.775137578143657,0.8026899486484262,0.5,0.5450015945136377,0.3706010842692737
0.5533667132802174,0.6261623369109555,0.75,0.5694640782292378,0.38723557319588175
0.7148998458143838,0.29516263513415897,0.0,0.5210253223094692,0.35429721917043905
0.8127080685057683,0.8708185132668377,0.0,0.5406841745852928,0.36766523871799917
0.4495892078317942,0.7442067391050706,0.25,0.6009966195876263,0.4086777013195859
0.7815040288569902,0.6164195406937232,0.5,0.5336204886524313,0.3628619322836533
0.6006064361581229,0.45470318023003364,0.0,0.5452770108033438,0.3707883673462738
0.7855898002889738,0.308112152655304,0.25,0.5165095931650343,0.3512265233522234
0.5855111265186225,0.4255586447857894,1.0,0.5439833513676623,0.3699086789300104
0.42926768490032213,0.7177497239408372,0.0,0.6010022646503791,0.4086815399622578
0.45586863431752556,0.8769172611869218,0.0,0.61707659782375,0.41961208652015003
0.7072127419992073,0.8086487056544378,0.25,0.5589155506236425,0.3800625744240769
0.7389583752582223,0.4022301156427452,0.5,0.5262256109222814,0.35783341542715136
0.5643525062343386,0.27607651334219774,0.0,0.5300318172424391,0.3604216357248586
0.795788868816606,0.5281772493822408,1.0,0.5269388069324239,0.35831838871404825
0.450771990659656,0.14631212688742967,0.0,0.5200788757264243,0.35365363549396855
0.6900880302029024,0.5646335428369563,1.0,0.5436353859437739,0.3696720624417663
0.5183475700356315,0.47047948274026624,0.75,0.5564107073631541,0.3783592810069448
0.602224583829676,0.40679269962635156,0.75,0.5403649986318473,0.3674481990696562
0.7071098006974621,0.1810593865466409,1.0,0.5132545238609266,0.34901307622543015
0.5709379952074071,0.6027200213139433,0.5,0.5642931572609569,0.3837193469374507
0.6423166683655261,0.3934598320676177,0.0,0.5351255501162371,0.36388537407904126
0.850943921382166,0.2660166328579424,0.0,0.5099115504635201,0.3467398543151937
0.6134662195715277,0.0,0.75,0.5,0.34
0.8253538168097712,0.49449701898987275,1.0,0.5215770950279931,0.3546724246190353
0.5305439718013573,0.8544503193339488,0.0,0.5989583685712585,0.4072916906284558
0.7794706266872924,0.832251842909574,0.0,0.5457556248045998,0.3711138248671279
0.916235293098685,0.40858074868274563,0.5,0.5085553265910157,0.34581762208189065
0.3292533249809066,0.3795575879276439,0.25,0.563305191596862,0.3830475302858662
0.5804657116794284,0.5937548512150048,0.75,0.561955095572978,0.382129464989625
0.786560819077081,0.3003229121623417,0.75,0.5160196842027021,0.3508933852578374
0.6695431920935511,0.5603583799638931,0.25,0.5461617304824768,0.37138997672808427
0.7556718810056963,0.6532160556769381,0.0,0.5398152843004713,0.3670743933243205
0.6094022219926268,0.7453866447768616,0.5,0.5722767594118615,0.38914819640006587
0.712988468120935,0.47996918470400946,0.5,0.5343848134821765,0.36338167316788006
0.6766484146911881,0.4592652499646068,0.75,0.5370579569351015,0.36519941071586903
0.875167309248971,0.3244034826486878,0.5,0.5101226565665923,0.34688340646528276
0.7381631264951819,0.334623929192028,0.25,0.5218902188926806,0.35488534884702283
0.7506403993112802,0.45470422161969465,0.0,0.5283158862288208,0.3592548026355981
0.6382184550816299,0.5734731013632356,0.25,0.5516827403299591,0.37514426342437224
0.6268590663891259,0.6827169252466498,1.0,0.5633451995936006,0.3830747357236485
0.6351162718270569,0.339364209863931,0.75,0.530917623357528,0.36102398388311907
0.7591678213567444,0.7985377137919043,0.5,0.5479307606644185,0.3725929172518046
0.6368523278769606,0.44577527979148623,1.0,0.5403824142734428,0.36746004170594115
0.7434662285344619,0.4957265411303128,0.5,0.531749872131577,0.36158991304947236
1.0,0.3505576641704353,0.0,0.5,0.34
0.8306687055147538,0.015151947945411637,0.0,0.5006414243880278,0.34043616858385894
0.6510964701748237,0.6768090792722099,0.0,0.558762460298036,0.3799584730026645
0.8801820883245917,0.6473687794184867,0.5,0.5193818771253548,0.3531796764452413
0.6387886940467673,0.44373448857635733,1.0,0.5399849131508823,0.3671897409426
0.39428131972332187,0.5133981434449744,0.0,0.5771231921070883,0.39244377063282004
0.5487870533623893,0.6031878435408199,1.0,0.5676246176492732,0.3859847400015058
0.4193812118461216,0.18749082862269145,0.5,0.5271883297761151,0.35848806424775825
0.6472729773938036,0.39418946453074105,1.0,0.534704426838462,0.3635990102501542
0.7027627568784327,0.6588529359243654,0.5,0.5488030343330763,0.3731860633464919
0.9514655968412924,0.2491421153661501,0.5,0.503022954134253,0.3420556088112921
0.7490391060646243,0.5587115864333259,0.75,0.5349963723299294,0.363797533184352
0.6671349206786703,0.22868363907531897,0.5,0.5190210157257743,0.35293429069352655
0.8244108371775233,0.5932859964867052,0.5,0.5260201205029966,0.3576936819420377
0.3683297036488172,0.4928717035405033,0.25,0.5772104551668767,0.3925031095134762
0.7353421837162848,0.1769736368188981,0.0,0.5117072239190696,0.3479609122649674
0.815629779083045,0.7329478708914343,0.75,0.533732123601627,0.3629378440491064
0.4782120631330237,0.35308168464039014,0.75,0.545928605009699,0.3712314514065953
0.8715631064810393,0.3379495125971238,0.75,0.5108495930492688,0.3473777232735028
0.750774461124162,0.5401138394461886,0.25,0.5336018175359035,0.3628492359244144
0.6377068129148797,0.729727469885743,0.5,0.5657115293904135,0.38468383998548117
0.7949172799159426,0.29683563620432063,0.0,0.5152142667045905,0.3503457013591215
1.0,0.5123359699695943,1.0,0.5,0.34
0.7272799382587742,0.5857633000661147,0.5,0.5398526340232404,0.3670997911358035
0.7372330879450504,0.6386211214526288,0.25,0.5418539548701258,0.3684606893116856
0.6310958650689633,0.535288311055445,0.5,0.5492077194136721,0.37346124920129703
0.5725233445802812,0.42659443218333554,0.5,0.5454638688178937,0.37091543079616773
0.8245503724816368,0.3344819558702561,0.25,0.5146669745867247,0.34997354271897285
0.5715874261136699,0.5172287766092749,0.75,0.5551712656579085,0.3775164606473778
0.7107349355829088,0.2855721976028786,0.75,0.5206397796245288,0.3540350501446796
0.6283513829852324,0.0,0.0,0.5,0.34
0.7718469738619588,0.5873119608315336,0.0,0.5334492163214606,0.36274546709859323
0.7500493157930422,0.680786968217239,0.75,0.5424384393110422,0.3688581387315087
0.8556309916386848,0.027413512891632297,1.0,0.5009894141265268,0.34067280160603824
0.6234975401717879,0.2980538590580125,0.5,0.5280250992142085,0.3590570674656618
0.6595187597059943,0.6238308522010396,1.0,0.5529019361283081,0.3759733165672495
0.5531854426326539,0.9114990939423397,0.5,0.6004333510830974,0.4082946787365062
0.6333560109885832,0.5041587415350816,0.75,0.5460805597037798,0.3713347805985703
0.7565950739567278,0.3543994117541731,0.0,0.521552277688394,0.3546555488281079
0.8135482924968027,0.463420711779032,0.0,0.521587966244192,0.3546798170460506
0.5616752013733561,0.774975283829637,1.0,0.5841154333073171,0.39719849464897566
0.8304408880158489,0.37080716417509296,0.0,0.5157132573615989,0.3506850150058873
0.9033456788207426,0.34016159866994927,0.75,0.5082187817621936,0.34558877159829166
0.7620152354835551,0.4034512955635935,1.0,0.5239853915846716,0.3563100662775767
0.9815193718837099,0.30933427834825755,0.5,0.501429169048275,0.340971834952827
0.583931620134464,0.5245340631989591,0.0,0.5543449780956058,0.37695458510501195
0.5133017945032874,0.8249356916939121,0.25,0.5990467298125599,0.40735177627254077
0.43319196266435817,0.5646158546232058,0.0,0.579331271987562,0.39394526495154214
0.9244066467233774,0.44952929957474247,0.5,0.5084945393899466,0.3457762867851637
0.7981548484531086,0.44163774621689117,1.0,0.522270863688218,0.35514418730798825
0.6916622993634317,0.18736183826066855,0.5,0.5144386641220348,0.34981829160298367
0.741995293947973,0.6766219554294318,0.25,0.5435324131562322,0.36960204094623794
0.5311766429052435,0.4844325605974396,0.75,0.5565355228441449,0.37844415553401856
1.0,0.46390401728187486,0.0,0.5,0.34
0.7193831772962841,1.0,1.0,0.5696974397512075,0.3873942590308211
0.7164092191907339,0.5597505816731373,0.75,0.5396019022492893,0.36692929352951675
0.8088649935848038,0.3496417899809631,0.5,0.5167009812363179,0.3513566672406962
0.7721513847605069,0.41472848075889135,1.0,0.5236062643807524,0.3560522597789117
0.7335826036418697,0.729689141839351,0.75,0.5484479871182971,0.3729446312404421
0.5814288316832031,0.5226540821075529,1.0,0.5544748942012236,0.3770429280568321
0.7707202535703993,0.21234440433652663,0.25,0.5121691641225714,0.3482750316033486
0.982303674471255,0.6838457869150407,0.25,0.5030253524929419,0.3420572396952005
0.9018130069232466,0.36637118289220116,0.0,0.5089922515196982,0.3461147310333948
0.9389779939959095,0.8746595552435091,0.0,0.513340203423516,0.3490713383279909
0.6233176485353222,0.7160096131429297,0.25,0.5670212633448704,0.3855744590745119
0.5515592769612128,0.41053562086824974,1.0,0.5458956668165045,0.3712090534352231
0.6811319619850528,0.7562032723470227,0.25,0.5599918680390037,0.3807944702665225
0.7083587368433042,0.5135711021054806,0.0,0.5373747864073348,0.3654148547569877
0.8641287277706422,0.6705547350244438,0.25,0.5227615383620594,0.3554778460862004
0.44613030554277705,0.596946563458895,0.25,0.5819128062261112,0.39570070823375564
0.929432547919092,0.3307286690018253,1.0,0.5058344050473635,0.3439673954322072
0.6762988152131515,0.3712900335365076,0.75,0.5300106395239567,0.36040723487629056
0.6359678395078869,0.7059921635162323,0.0,0.5638996302913428,0.38345174859811315
0.5481843437109748,0.43304493357869184,1.0,0.5487586732747145,0.3731558978268059
0.4517714992201346,0.41927030735160065,0.25,0.5572123094670923,0.3789043704376228
0.8234755875942872,0.30897548413012943,0.25,0.5136320497297782,0.3492697938162492
0.7109976950782605,0.5847198131186923,0.75,0.5421460972706745,0.3686593461440587
0.5065058650388419,0.912504983848629,0.0,0.6107143293111457,0.4152857439315791
0.5057381841904576,0.28649341714914545,0.0,0.5353416549066405,0.3640323253365156
0.6496322951064807,0.5048438913345517,0.5,0.5441053156351087,0.3699916146318739
0.9503532287934089,0.7824441110830859,0.0,0.509710234911489,0.3466029597398126
0.6610612972954593,0.484071721750857,0.75,0.5409258939003452,0.36782960785223473
0.474528557032284,0.5904743592499468,0.5,0.5769529731980154,0.39232802177465054
0.6631385403871083,0.287521294370624,0.5,0.5241947996758026,0.3564524637795458
0.6590914645378494,0.5856614194415297,0.25,0.5497490919297721,0.373829382512245
0.2954670035587642,0.46257114699909024,0.25,0.580760631568926,0.3949172294668697
0.6918557700223281,0.6971459991359726,0.0,0.5534997937026513,0.37637985971780297
0.6653598204686982,0.7374772103129502,0.5,0.561386131812141,0.38174256963225595
0.8044309547220128,1.0,0.25,0.5487370221551369,0.3731411750654931
0.9773434142418017,0.6159266346427151,0.75,0.5034886420410508,0.3423722765879146
0.8689847544321636,0.5651592633164333,0.25,0.5185026671523696,0.35258181366361135
0.6596666964167753,0.5388768603154672,0.25,0.5457213551792164,0.37109052152186717
0.5340211136887494,0.42936674143786235,0.5,0.5498527679069296,0.37389988217671216
1.0,0.5676967686923382,0.5,0.5,0.34
0.7088827651021732,0.4409197179721941,1.0,0.5320458450957943,0.36179117466514016
0.7020893937869419,0.5336921952539229,0.75,0.5396646209108087,0.3669719422193499
0.6963812369334995,0.7635195071215919,0.5,0.5576965588935081,0.3792336600475855
0.7297127141151782,0.29869148694407177,0.0,0.5201721726087769,0.35371707737396835
0.6783459382114085,0.727975712225809,0.75,0.5582730737017579,0.37962569011719544
0.6139506989679645,0.7634230134679731,0.75,0.5731510083542337,0.38974268568087894
0.6179711588139412,0.4763862946017843,0.5,0.5453731592714479,0.3708537483045846
0.6950870094676002,0.07562902019828105,0.75,0.5057648122164146,0.34392007230716193
0.6184862843299352,0.37843560258111353,0.5,0.5360320239828187,0.3645017763083167
0.5930731325984253,0.7593989093122219,0.25,0.5766459921230336,0.39211927464366286
0.7159645341537845,0.49542638754022356,1.0,0.5351217293587569,0.36388277596395474
0.6617534173868717,0.30013955354101785,0.25,0.5253585184110088,0.357243792519486
0.9255989482874032,0.3990450157543565,0.5,0.5074217970539565,0.34504682199669046
0.3023545287410482,0.6681240053009107,0.5,0.6144635066170946,0.41783518449962437
0.8637260277883692,0.6093467136402759,0.25,0.5207476038600275,0.3541083706248187
0.8869127788746443,0.4522135801660611,0.0,0.512782108697869,0.34869183391455094
0.3889914651387775,0.42663511763706247,0.0,0.5648028777151289,0.3840659568462877
0.6485968608879477,0.42164837019123563,0.0,0.5369745203139071,0.3651426738134569
0.6442838701006313,0.31551796310029945,0.5,0.5280292904163302,0.35905991748310456
0.48887324579232677,0.8230751378938883,0.75,0.6036497184440246,0.4104818085419368
0.5833274968613686,0.435535906157732,0.5,0.5452448546205728,0.37076650114198956
0.5334136231801256,0.7434317041650993,0.75,0.5858595955358453,0.3983845249643749
0.9628405665135433,0.8042632103844902,0.25,0.5074709352577393,0.3450802359752628
0.8403517589721191,0.6996621796295921,1.0,0.5278959606181987,0.3589692532203751
0.8907332642491238,0.4136759374563903,0.75,0.5112983312363221,0.347682865240699
0.8082508096064852,0.5807460180673218,0.0,0.5278106617684235,0.358911250002528
0.5306422343174155,0.49516087872181674,0.5,0.5578417828928545,0.37933241236714105
0.6213219600580339,0.3192596278539743,0.25,0.530187393260024,0.3605274274168163
0.7734061841841877,0.5648718563443206,0.0,0.5319555017470563,0.36172974118799833
0.5166808286662081,0.26419204176803945,0.25,0.5318789672201928,0.3616776977097311
0.8069497645258582,0.7375358776923128,1.0,0.5355353564918337,0.36416404241444694
0.6639511902762797,0.4070765405403214,0.5,0.5341461635832,0.36321939123657604
0.6437768788675603,0.5402319311745678,0.5,0.5479628447238655,0.37261473441222853
0.8066439952305237,0.5566575743092285,1.0,0.5268823237812054,0.35827998017121965
0.7666394967229059,0.4482190052591845,0.5,0.5261253389200335,0.35776523046562286
0.6458550751271379,0.617338760295055,0.75,0.5544401757706674,0.3770193195240539
0.8738994705046371,0.4050192686754951,0.25,0.5127655113126607,0.3486805476926093
0.5378405008600153,0.6742594594914488,0.0,0.5772795163340707,0.3925500711071681
0.7923903410416395,0.23080406395065028,1.0,0.511976996686292,0.3481443577466786
0.7889651886952576,0.5252759159092824,0.75,0.5276845326630354,0.3588254822108641
0.6535680341029014,0.887785799811657,0.0,0.5762889335844256,0.3918764748374094
0.7489199533363177,0.29993373507888504,0.0,0.5188179515250744,0.3527962070370506
0.5123329635422045,0.36445100589502966,1.0,0.544316091339729,0.3701349421110158
0.8386040528810351,0.602781569931783,0.75,0.5243024607346775,0.3565256732995807
0.6722646795335516,0.5359163563879196,0.0,0.5437971461814021,0.36978205940335346
0.621591546922144,0.5701260198547118,0.0,0.5537268992040565,0.37653429145875844
0.8573513838755333,0.5978374260295327,0.75,0.5213072583281555,0.35448893566314577
0.5943484464185861,0.6269442937123539,0.5,0.5632397409243857,0.38300302382858226
0.488730805545466,0.7219399683912446,0.0,0.5912428581655542,0.4020451435525769
0.4665056239714144,0.5819637313857025,0.25,0.5770010471338192,0.39236071205099704
0.7909014927018458,0.4517484690762915,0.75,0.5235974392179988,0.35604625866823925
0.5079355971255575,0.6345147402405462,0.0,0.5774275617555151,0.39265074199375033
0.9632191272976547,0.8799763869790431,1.0,0.50809086856242,0.3455017906224456
0.38771058881744164,0.4734732507234853,0.25,0.5719723018058285,0.3889411652279634
0.9544684552435057,0.3050941390658717,0.0,0.5034727960163335,0.3423615012911068
0.7316526200803927,0.7214161338573946,0.25,0.5482469465813162,0.3728079236752951
0.6854930332194411,0.47592376720928037,0.25,0.5373506259503926,0.365398425646267
0.6182621369786575,0.06546609079719273,0.5,0.5062473962556951,0.34424822945387273
0.7598704171528106,0.6694843354300843,0.25,0.5401044117209192,0.36727099997022505
0.6943547946362727,0.39293436280921545,0.5,0.5299885892546713,0.3603922406931765
0.8654952823024782,0.48189334353916785,0.75,0.5161985612678921,0.35101502166216664
0.7171341472993059,0.5663960661138029,0.5,0.5399680695391585,0.3671782872866278
0.7225452642192816,0.5380999359558133,1.0,0.5372554176298616,0.3653336839883059
0.6454581681679216,0.6418903634278079,0.0,0.5566499592638139,0.3785219722993935
0.6914581564418398,0.41290272588603133,0.75,0.531806434985455,0.3616283757901094
0.7461702653338088,0.6026211596352166,0.75,0.538166403995936,0.3659531547172365
0.44347474110150614,0.44809066448321655,1.0,0.5620223590959901,0.3821752041852733
0.497772186684143,0.6477620961775006,0.5,0.5806212353135832,0.39482244001323663
0.8114896141034071,0.6230734968026107,0.0,0.5293302443929464,0.3599445661872036
0.7256298157191913,0.31291225959108093,0.5,0.5214502745943013,0.3545861867241249
0.6724024995470981,0.7171964232350064,0.25,0.5584692162988394,0.37975906708321083
0.7027650899598089,0.3928073109771904,0.5,0.5291558979206081,0.35982601058601354
0.7521372558042506,0.6616115596562291,0.75,0.5409055846612494,0.3678157975696496
0.6190360479535957,0.5734574626802681,0.0,0.5544004600021153,0.3769923128014384
0.5832542911896531,0.8676367353590245,0.5,0.589423794114699,0.4008081799979954
0.7293767882646522,0.4553068035256296,0.0,0.5307652332311804,0.36092035859720273
0.5532440833577452,0.4301366407763605,0.0,0.5478942272117225,0.37256807450397134
0.7612379133571707,0.49611607882245345,0.25,0.5295788498705374,0.36011361791196544
0.4446124593643239,0.4393640434331449,0.25,0.560703414762195,0.3812783220382926
0.8543733455988465,0.65998838038841,0.75,0.5240094954856761,0.35632645693025977
0.7708896223619564,0.1767378783126824,1.0,0.5101217375471748,0.3468827815320789
0.7384044601470813,0.2892635161707292,0.0,0.5189084898475805,0.3528577730963548
0.8474036475918271,0.28643941568416137,1.0,0.5109256630762888,0.34742945089187643
0.9498211666693864,0.6900615183947152,0.75,0.5086557556477486,0.3458859138404691
0.8521555097527195,0.842122674516385,0.0,0.5310856547409543,0.3611382452238489
0.4238688653002532,0.4791101562925057,0.0,0.5685727262171307,0.3866294538276489
0.5080634549896448,0.46623565536199785,1.0,0.5570895410194773,0.3788208878932446
0.6062772133456481,0.5140104326226362,0.5,0.5504224276435934,0.3742872507976435
0.703913657531625,0.732375660521638,0.25,0.5540001719480946,0.37672011692470436
0.7776488530703685,0.3145293731618852,0.5,0.5174768689590302,0.3518842708921406
0.5911384280269801,0.547673796546957,1.0,0.5557479467407853,0.37790860378373403
0.7280150146715617,0.695039525956486,0.25,0.5471198384992949,0.37204149017952054
0.5866925601470016,0.600218833987969,0.5,0.5617026139569556,0.38195777749072984
0.6082723295512077,0.5379163233197487,0.25,0.5524851189829891,0.37568988090843264
0.4890008354727666,0.7002092185134282,0.0,0.5885093038284483,0.4001863266033449
0.5615150130833644,0.0,0.5,0.5,0.34
0.4972473091575499,0.6355750639061816,0.25,0.5792114292993973,0.3938637719235902
0.5536190120534,0.3691848633745152,0.25,0.5411062874213438,0.3679522754465138
0.8580462694911759,0.1338734206287086,0.25,0.5047508148914207,0.3432305541261661
0.5575901666752086,0.6022405199049962,0.5,0.566218016880999,0.3850282514790794
1.0,0.7747317090325916,0.75,0.5,0.34
0.7739976851321333,0.4725102970744616,0.5,0.5266717635028633,0.3581367991819471
0.727725418554231,0.6905749094405877,1.0,0.5468684983723205,0.371870578893178
0.5712463329728179,0.822455651597729,0.5,0.5872554139191306,0.39933368146500886
0.8050464819113486,0.7629828907168095,0.25,0.5371181370200416,0.36524033317362836
0.6136543260643339,0.8279929058742785,0.0,0.5792978040913987,0.3939225067821512
0.7183014721968042,0.6484254982143784,0.5,0.5455385817068775,0.37096623556067676
1.0,0.5150867277803186,0.5,0.5,0.34
0.6855910150413025,0.17960683762056628,0.25,0.5141137505102376,0.34959735034696154
0.8723909989428513,0.4507875023740103,0.0,0.5143771713428862,0.3497764765131626
0.5945235362311169,0.3313506809367617,0.0,0.5335382901220693,0.36280603728300714
0.6947517264254557,0.9341885434995627,1.0,0.5708106729027181,0.3881512575738484
0.9656200953453264,0.4648228375135327,0.5,0.5039950561881805,0.3427166382079628
0.6059549413318348,0.5246409613568971,0.0,0.5514997578967261,0.3750198353697738
0.9718672836995392,0.6102970752080935,0.0,0.5042922231790962,0.3429187117617854
0.8061627903183213,0.5087204892744908,0.75,0.5246322834711624,0.35674995276039045
0.6156299836158599,0.8390102080861506,0.75,0.5799310535896882,0.394353116440988
0.7948611608583281,0.3754701276531096,0.0,0.5192463623568292,0.3530875264026439
0.8458831674440095,0.5389214910474486,1.0,0.5207522897944754,0.3541115570602433
0.7932714943325794,0.3515058828603903,0.0,0.5181585818125758,0.35234783563255156
0.4644662920164315,0.23599549775585882,0.25,0.5315538968311834,0.3614566498452047
0.5909294236262697,0.37764618181894294,0.5,0.5385443597675901,0.36621016464196127
0.6628722046672743,0.4925926405903176,1.0,0.5414215174246113,0.3681666318487357
0.688834985634993,0.414139555096548,0.25,0.5321719258703995,0.3618769095918717
0.7931008146326016,0.36151580402522876,1.0,0.5186906182101451,0.35270962038289866
0.726655150139988,0.2187365072656332,0.25,0.514943172999304,0.35016135763952677
0.49969834619348474,0.48337888547426106,0.5,0.5601658695277987,0.38091279127890315
0.7570296776508945,0.19905592519379955,0.5,0.512088814214402,0.3482203936657934
0.7915878617925735,0.6520111927379205,0.75,0.5339195831825863,0.3630653165641587
0.7839685671896559,0.5164879505869007,0.25,0.5278655045376581,0.35894854308560753
0.8621171088331933,0.2084897001070139,0.75,0.5071862957682786,0.34488668112242943
0.8250883231823356,0.4381581845900273,0.25,0.5191503732484339,0.3530222538089351
0.7688770118842655,0.34956871888188334,0.75,0.5201873617111901,0.35372740596360924
0.6894751432812029,0.5638349020838361,0.5,0.5436597138084104,0.3696886053897191
0.45085585997260125,0.768090089204629,1.0,0.6039120211294252,0.41066017436800917
0.7644427328698878,0.12496550607085105,0.75,0.5073586019233747,0.3450038493078948
0.7311531530744666,0.5230052158294834,0.25,0.5350942749932998,0.36386410699544386
0.740736825579306,0.4679734408866719,0.25,0.5302949159159287,0.36060054282283155
0.5084877136269536,0.6342680152900931,0.5,0.577312486176319,0.39257249059989696
0.5378415189387606,0.5426393256475378,0.25,0.5623697969013689,0.3824114618929309
0.8579729279999355,0.34960613365223614,0.0,0.5124108341017694,0.3484393671892032
0.6940667269215017,0.43618921286667633,1.0,0.5333117797296252,0.3626520102161451
0.8022251046058936,0.3407948286393022,0.75,0.5168437893127831,0.3514537767326925
0.7042477564195692,0.7152014277197196,1.0,0.5526843207025148,0.3758253380777101
0.7044634209243618,0.5042623297343884,0.5,0.5371881893582758,0.36528796876362757
0.8407425708963996,0.8802381371506015,0.75,0.5349888353119584,0.36379240801213175
0.6225932907673939,0.48786783723707583,0.75,0.545901542963191,0.37121304921496995
0.7144181165411475,0.35831864661790747,0.0,0.5255600285170381,0.35738081939158595
0.6306587066942436,0.19725712147743457,0.5,0.5182057479748992,0.35237990862293145
0.6348255658851526,0.13937206474881098,0.25,0.512721032883118,0.34865030236052025
0.653624181479704,0.183172811398902,0.0,0.5158563393681994,0.35078231077037564
0.7333200657450569,0.5534253302022967,0.0,0.536830029131882,0.36504441980967983
0.6281877067504784,0.6017450046459868,1.0,0.5557018813051091,0.3778772792874742
0.8883634188360281,0.18376185959357327,1.0,0.5051284565818139,0.3434873504756335
0.5658089046670743,0.6790076628152231,1.0,0.5731755122399105,0.38975934832313913
0.671969253375796,0.4033877896633121,0.0,0.533032714560698,0.3624622459012747
0.6340403412588738,0.5293586023971099,0.25,0.5482800760287515,0.37283045169955104
0.9170466826530599,0.8224441256510848,0.75,0.5170495044642635,0.35159366303569917
0.7294832164767362,0.6793678631731064,1.0,0.545816220344572,0.371155029834309
0.8547766809202952,0.4462938704188335,0.25,0.5161973997417176,0.35101423182436803
0.47716594404445417,0.32176155491694247,0.5,0.5419580680454571,0.36853148627091087
0.7400575398803888,0.06963691973413899,1.0,0.5045252744928842,0.3430771866551613
0.8334446193435155,0.35616933615151597,0.75,0.5148261322205949,0.35008176991000456
0.7123425983913135,0.4577739522344611,0.5,0.5328730281469842,0.3623536591399493
0.8598220562598027,0.3025640945697632,0.5,0.5106016139810736,0.3472090975071301
0.6224067324849442,0.47374860658153906,0.75,0.5446021968121424,0.37032949383225683
0.9114021160278369,0.5153703765917537,1.0,0.511413198326089,0.34776097486174057
1.0,0.45502880363838427,0.0,0.5,0.34
0.6455742159340511,0.369999483835308,0.75,0.5327374372385839,0.3622614573222371
0.6331746217898842,0.5337309343933455,0.75,0.5487907577797455,0.373177715290227
0.9180076715676551,0.5883881299138818,0.75,0.512058489527757,0.34819977287887477
0.9369358218596068,0.28192018451143075,0.5,0.5044446491073009,0.34302236139296466
0.6215709959270097,0.7821864759492541,0.25,0.5734648948273943,0.3899561284826281
0.6369719774356214,0.4802823735431476,0.0,0.5434788993040102,0.36956565152672693
0.6577323086709239,0.5037699245889695,1.0,0.5429995632567775,0.3692397030146087
0.4983324233448584,0.6416428846513115,1.0,0.5797851390954539,0.3942538945849087
0.5622022080273702,0.5466432262527003,0.25,0.5595458693666451,0.3804911911693187
0.5493788849871898,0.690627326782649,0.75,0.5771808874277226,0.39248300345085135
0.5848303652343807,0.5574248330403648,0.0,0.5575996189016751,0.3791677408531391
0.6947972668919827,0.3775125250719124,1.0,0.5287726405460746,0.35956539557133077
0.7351322098804781,0.5723007050412203,1.0,0.5378236084666471,0.3657200537573201
0.9325750739221115,0.27125475853586767,0.75,0.5045722055612467,0.3431090997816478
0.5502468938891814,0.5217119411553046,0.25,0.5583927279525509,0.37970705500773466
0.8476483597714874,0.49335400187110784,0.0,0.5187819812499262,0.35277174724994986
0.6679016733661736,0.45837662854549205,0.25,0.5379832080673129,0.3658285814857728
0.692580443552135,0.4742924977122138,0.25,0.536387255214141,0.3647433335456159
0.8012229238249905,0.12363019090047217,0.0,0.5061434027930544,0.344177513899277
0.5315916967656552,0.3902550184518077,0.0,0.545572840629141,0.3709895316278159
0.7573614619276076,0.518568980228223,1.0,0.5314147694932916,0.3613620432554383
0.7249678312319584,0.5319712783994801,1.0,0.5365121939870732,0.3648282919112098
0.7738676896012223,0.29446497181480835,0.0,0.5166408628023844,0.3513157867056214
0.7433752965861726,0.7531415681729401,0.5,0.5481688301182676,0.372754804480422
1.0,0.3267650303570998,1.0,0.5,0.34
0.6043390023623025,0.6938914401053473,0.5,0.5682085450120674,0.38638181060820587
0.6203504567497273,0.585438872374337,0.0,0.5553377792655649,0.3776296899005842
0.6065289210362853,0.37075453803123937,1.0,0.5364057563667325,0.3647559143293781
0.6166784321259617,0.8550621785219024,0.25,0.5812151695558003,0.3952263152979443
0.6043919309040223,0.261272633648704,0.0,0.5258174093515829,0.35755583835907645
0.8783524796661327,0.6838308347220003,0.75,0.5207845970018814,0.3541335259612794
0.9130756371984782,0.7001164636085957,0.5,0.5152096004765493,0.35034252832405355
0.6143880559375785,0.365875958184671,0.0,0.5352131435705748,0.3639449376279909
0.5751466640343657,0.7784930600128658,0.0,0.5819407266539116,0.3957196941246599
0.7707123334579605,0.44999069708020945,1.0,0.5257714706381817,0.35752460003396364
0.6171665433578543,0.5577387258559714,1.0,0.5531783754439421,0.37616129530188064
0.7949397726633266,0.5520643677542442,1.0,0.5282714244636815,0.35922456863530344
0.730438453127695,0.4731382517058904,0.75,0.5318418187490166,0.3616524367493313
0.47263838275041514,0.6621616546319564,1.0,0.586423237984541,0.3987678018294879
0.9321257801995092,0.6586977441104426,0.0,0.5111752874436051,0.34759919546165147
0.9693816509643283,0.1502936053523638,1.0,0.5011504334864932,0.34078229477081545
0.608081696427342,0.7608680485756305,0.25,0.5740019720335828,0.39032134098283633
0.6418447660096024,0.1675016023928651,1.0,0.5149933974131936,0.3501955102409717
0.7428798086087357,0.7065092408683314,0.75,0.5452899705210736,0.3707971799543301
0.7501685184980537,0.7253410273655166,0.25,0.5451796886580962,0.3707221882875054
0.7987816409009245,0.28180671395696033,0.0,0.5141723738322078,0.3496372142059013
1.0,0.41783714240908304,0.0,0.5,0.34
0.6734579158758925,0.2788590663028129,0.5,0.5227490881377574,0.3554693799336751
0.5802554133192319,0.45701579394225295,0.25,0.5478109511048352,0.372511446751288
0.4931021157978209,0.4383931431628517,0.5,0.5553276439847047,0.37762279790959924
0.5903604940087122,0.655932106453868,0.25,0.5667726742339732,0.38540541847910176
0.6950309540689303,0.7620617492239217,0.25,0.5578412010132834,0.3793320166890327
0.969183679527668,0.7791367621579912,0.75,0.5060022436904643,0.3440815257095158
0.6223583051445742,0.38756639468433957,0.5,0.5365251285525001,0.3648370874157001
0.7335681927458347,0.45815562525109443,0.75,0.5304789714435623,0.36072570058162234
0.6975365655890872,0.16331236155580992,0.25,0.5123464941221548,0.3483956160030653
0.8782589910172125,0.33882598670076225,0.0,0.5103107924455901,0.3470113388630013
1.0,0.6929703266194915,0.25,0.5,0.34
0.6203696840619519,0.8231165647096463,0.75,0.5774904856584274,0.3926935302477307
0.6265840836222667,0.25313022562401555,0.5,0.5236131353073574,0.35605693200900307
0.8566241315603608,0.38150714816942116,0.5,0.5136713211573065,0.34929649838696847
0.8022837234439466,0.4947188486082146,0.75,0.5244340140945983,0.3566151295843269
0.977006098860405,0.5560322317639214,0.5,0.5031962940017898,0.34217347992121705
0.7875892277988945,0.33807929601567077,1.0,0.5179452099143688,0.35220274274177077
0.6461061863819411,0.5848122088928179,0.0,0.5515564603336198,0.3750583930268615
0.7885982246038463,0.40523213058581675,0.0,0.5214036098311816,0.3545544546852035
0.8663055370874361,0.4971095458243442,0.0,0.5166090853056028,0.35129417800780993
0.8230723271796045,0.6092568496007399,0.5,0.5269225350223147,0.358307323815174
0.7760911046660947,0.5012844539621876,0.5,0.5280310896407024,0.3590611409556777
0.860001203438373,0.4127228218946863,0.25,0.5144411570367083,0.3498199867849617
0.8753943385668509,0.4780780392148338,0.25,0.5148884049210466,0.3501241153463117
0.907323848655629,0.48232740815893294,0.0,0.5111732015884753,0.34759777708016326
0.7973064831384463,0.42599779402357446,1.0,0.5215733455425041,0.35466987496890284
0.6749322879524718,0.4482407874665795,0.25,0.5363628396118634,0.3647267309360671
0.7220070529649983,0.8197294341009433,0.25,0.5567244927213031,0.37857265505048615
0.8809763449762534,0.6121838895882478,0.5,0.5182080358685077,0.35238146439058526
0.5774596493519145,0.4409039363941679,1.0,0.5464406832966435,0.3715796646417176
0.7553009963309352,0.6393908809021471,0.0,0.539034981575892,0.3665437874716066
0.6409991781508959,0.43323610204879803,0.25,0.5388048358368887,0.3663872883690843
0.7043117234402225,0.7346249275173282,1.0,0.5540924678367516,0.3767828781289911
0.8917677793910948,0.5739284384396188,1.0,0.5155243958052712,0.3505565891475844
0.7286648602029855,0.47853957119915425,0.0,0.5324156202332165,0.36204262175858726
0.7069654822234223,0.5895433851620555,1.0,0.5430820456281287,0.3692957910271275
0.49602157885301207,0.18582476958630012,1.0,0.5233958213094592,0.35590915849043225
0.811938034904083,0.27464650621803893,1.0,0.5129097705079351,0.34877864394539587
0.7968226271711613,0.26121499872018894,0.25,0.5132651307389967,0.3490202889025178
1.0,0.5285886189527413,0.0,0.5,0.34
0.6538332647570498,0.8465029998970184,1.0,0.5727380534652283,0.38946187635635526
0.7328725491495908,0.9462600292385265,1.0,0.562858673799516,0.38274389818367094
0.7374075525566133,0.6276102202881515,0.25,0.5411084228238563,0.3679537275202223
0.9366179919645211,0.6001688949888914,0.0,0.5095088308248217,0.34646600496087876
0.6857056701419572,0.1397884531694522,0.5,0.5109819131143799,0.34746770091777834
0.7418532288655508,0.39146524005319566,0.25,0.5252423938658637,0.35716482782878733
0.7911844764574808,0.3424432496183522,0.0,0.5178692529979309,0.352151092038593
0.7279913684734537,0.3758304803497768,1.0,0.5255350490683486,0.35736383336647704
0.6330349578174207,0.46637123628304206,0.0,0.5426813593850544,0.369023324381837
0.7291134989347461,0.4055818844605745,0.0,0.527439069254334,0.3586585670929472
0.8610447624789658,0.10414003792484244,0.0,0.5036176377975107,0.3424599937023073
0.5460227050883409,0.6495820512235068,0.5,0.5731942083192122,0.3897720616570643
0.7199454511220313,0.2854513948520387,0.0,0.5199748537323627,0.3535829005380067
0.594981877759124,0.5478493728222299,0.5,0.5552457495422717,0.3775671096887448
0.8792569943387263,0.9148165339499947,1.0,0.5275863819554031,0.35875873972967415
0.47152196428243376,0.3161230816827153,0.5,0.5416691544161459,0.36833502500297927
0.6161617229092617,0.0,1.0,0.5,0.34
0.7565817812596781,0.4427991556239778,1.0,0.5269202878489138,0.3583057957372614
0.934828604385151,0.7201919269997142,0.5,0.5117318245795138,0.34797764071406945
0.6901374608390518,0.8916694908441187,0.25,0.5686376540202315,0.38667360473375745
0.6167200709960202,0.2540900811095166,0.75,0.5243276824125842,0.35654282404055726
0.9821735604160884,0.5993398446473044,0.0,0.5026709984749073,0.341816278962937
0.48279791493756335,0.4069379086439893,0.75,0.5524239068280872,0.3756482566430993
0.37017910650698765,0.4788103291391729,0.0,0.5748249881569351,0.3908809919467159
0.7660021675079998,1.0,0.0,0.5582339835516242,0.3795991088151045
0.6246918663471083,0.1994059343209693,1.0,0.5187009396839561,0.3527166389850902
0.546815077430393,0.5507479322989147,0.0,0.5620757455646344,0.3822115069839514
0.806253467094903,0.5935386343530866,0.0,0.5287173733447471,0.35952781387442806
0.7365701070656798,0.7171572649878695,0.5,0.5470901905625909,0.37202132958256184
0.6153882053894907,0.519596630694179,0.75,0.5497951350761529,0.37386069185178394
0.5079543401993658,0.5616101079008204,0.5,0.5686481630396791,0.38668075086698184
0.8308685992420216,0.42167028651564176,0.0,0.5178218683770843,0.3521188704964174
0.7975301766937991,0.5538253882490215,1.0,0.5280038953392171,0.35904264883066767
0.6851236204330925,0.4313615449005179,0.5,0.5339042825740739,0.3630549121503702
0.9769955494071498,0.6243143779712101,0.5,0.5035904405999463,0.3424414996079635
0.539487285051077,0.4260779327912732,0.25,0.5488967995226486,0.37324982367540105
0.4711712243612891,0.5754200787804373,0.0,0.5754930309263614,0.3913352610299258
0.5962137895178133,0.4941474372630043,1.0,0.5497176422736142,0.3738079967460577
0.6931620975466752,0.7252100501544336,0.5,0.5554020636704136,0.3776734032958812
0.7365009173984037,0.48972125528230276,0.5,0.5322155843413712,0.36190659735213243
0.6638145913215505,0.1453935063586237,1.0,0.512217361485465,0.3483078058101163
0.7528083094771445,0.7523843001427983,0.0,0.5463622256709517,0.3715263134562472
0.5122690863714333,0.3188535398274762,0.25,0.5388005149185705,0.36638435014462795
0.9165646906109889,0.369246732270236,0.5,0.5077014446968938,0.34523698239388784
0.6876773232411146,0.38086774119130157,0.25,0.5297033911960208,0.36019830601329417
0.8675943747382191,0.7748876186341636,0.75,0.5256273929664695,0.3574266272171993
0.7514088019566556,0.0728651572042609,0.0,0.5045282853696166,0.3430792340513393
0.7685129828730676,1.0,0.75,0.5576147041570271,0.37917799882677844
0.7854650920348305,0.7112113618132103,0.75,0.5380710849928237,0.3658883377951202
0.7671562840025972,0.5446477828258319,0.75,0.5316620303883965,0.3615301806641097
0.7964084139801315,0.4890211998767427,0.0,0.5248696108649626,0.3569113353881746
0.8993728795198647,0.5571108149715314,0.0,0.5140114448988742,0.34952778253123445
0.7294781754552204,0.6042244856758676,1.0,0.5407732369237096,0.36772580110812253
0.8063505636382768,0.6290431171900114,0.25,0.5304158598069784,0.3606827846687453
0.686539645856916,0.6111208932006897,0.25,0.5477446287837956,0.372466347572981
0.9160175823174208,0.5179161362510498,1.0,0.51087224828335,0.34739312883267803
0.5985411546911095,0.4605323159385348,1.0,0.5460899789212331,0.37134118566643853
0.9701410649366222,0.4697453432692977,0.75,0.5035064664394462,0.3423843971788234
0.6939763074033485,0.4610183439294638,1.0,0.5352122471494465,0.36394432806162363
0.48538373468229273,0.7267540193734129,0.5,0.5924250293037078,0.40284901992652133
0.7192156622366184,0.6187113444561724,0.25,0.5433222125087664,0.3694591045059612
0.5978422513787678,0.0,1.0,0.5,0.34
0.8260965323483086,0.6311801553059522,0.5,0.5274135861954279,0.358641238612891
0.6021064031046414,0.538947238943755,0.5,0.5534064079306709,0.37631635739285624
0.633072485017783,0.4962582487108205,0.5,0.5453973339113213,0.3708701870596985
0.4165688903581703,0.42229630938222285,0.5,0.5612854939620007,0.3816741358941605
0.6321540521126384,0.7248225439972027,0.75,0.5662636780743677,0.38505930109057007
0.33641810100565644,0.6895052924245716,0.5,0.6124312007489214,0.4164532165092666
0.46241457647714146,0.34542446643527813,0.75,0.5462908464902134,0.37147777561334516
0.8140621984216445,0.581410457424907,0.75,0.5270002548095014,0.358360173270461
0.8178700237976247,0.3056686530917428,0.5,0.5139142625990951,0.3494616985673847
0.7638186342677447,0.2240763670422139,0.25,0.5132275784173591,0.3489947533238042
0.554953578530618,0.37465655508200696,0.5,0.541588580309294,0.36828023461031995
0.692843296578703,0.6724786944765517,0.5,0.5514562639985684,0.37499025951902654
0.6994596191364147,0.6906250090752173,0.5,0.5517046829226284,0.3751591843873874
0.5262452966211185,0.6026170840194586,0.25,0.5708923095194298,0.3882067704732123
0.9255097452650726,0.6450191573695995,0.0,0.5120096000015345,0.3481665280010435
0.8316043435863507,0.6032356574229917,0.0,0.5253737506585441,0.35725415044781
0.6668553739255504,0.3717036809554095,0.75,0.5309182722913822,0.3610244251581399
0.7040328758491796,0.5863845089347881,0.75,0.5432790590052213,0.36942976012355055
0.7312574211921328,0.6600819050455364,0.25,0.5442320979700273,0.3700778266196186
0.3937397697363564,0.6508582659627149,1.0,0.5973870337706092,0.4062231829640143
0.6629233926219105,0.7377826742949286,0.0,0.561853861978499,0.38206062614537933
0.5977023628003302,0.6416607694402128,0.75,0.5641786663367753,0.3836414931090072
0.5497569985157627,0.5702896415083166,0.0,0.563841855525793,0.3834124617575393
0.6578349560671067,0.7140300476632855,0.25,0.5607770141265115,0.38132836960602784
0.9696529790274283,0.49469574815018796,0.25,0.5037530650736047,0.34255208425005124
0.7961264291900514,0.32362506975445643,1.0,0.5164886685719159,0.35121229462890285
0.6143231515325804,0.46738660721124725,1.0,0.54494341598104,0.37056152286710725
0.7858874172034237,0.3510194710387102,0.25,0.5187805817667173,0.35277079560136776
